old_url,new_url
https://reachsubsea.no/exercises-extension-option-for-deep-cygnus/,/newsroom/exercises-extension-option-for-deep-cygnus/
https://reachsubsea.no/close-to-1000-days-of-offshore-operation-with-nobody-on-board/,/newsroom/close-to-1000-days-of-offshore-operation-with-nobody-on-board/
https://reachsubsea.no/reach-subsea-asa-2q-2026-strong-results-building-the-fleet-for-the-future/,/newsroom/reach-subsea-asa-2q-2026-strong-results-building-the-fleet-for-the-future/
https://reachsubsea.no/reach-subsea-asa-invitation-to-presentation-of-second-quarter-and-half-year-results-2026/,/newsroom/reach-subsea-asa-invitation-to-presentation-of-second-quarter-and-half-year-results-2026/
https://reachsubsea.no/moa-signed-for-sale-of-viking-reach-and-onboard-wrov/,/newsroom/moa-signed-for-sale-of-viking-reach-and-onboard-wrov/
https://reachsubsea.no/reach-remote-1-completes-its-first-port-call-in-the-united-kingdom/,/newsroom/reach-remote-1-completes-its-first-port-call-in-the-united-kingdom/
https://reachsubsea.no/reach-subsea-signs-moa-with-beacon-offshore-in-australia/,/newsroom/reach-subsea-signs-moa-with-beacon-offshore-in-australia/
https://reachsubsea.no/reach-subsea-signs-21-year-contract/,/newsroom/reach-subsea-signs-21-year-contract/
https://reachsubsea.no/reach-subsea-asa-1q-2026-weak-quarterly-results-reach-remote-entering-scale-up-phase/,/newsroom/reach-subsea-asa-1q-2026-weak-quarterly-results-reach-remote-entering-scale-up-phase/
https://reachsubsea.no/reach-subsea-receives-loi-for-a-21-year-contract/,/newsroom/reach-subsea-receives-loi-for-a-21-year-contract/
https://reachsubsea.no/annual-and-sustainability-report-2025/,/newsroom/annual-and-sustainability-report-2025/
https://reachsubsea.no/reach-subsea-awarded-two-contracts-using-reach-remote-1/,/newsroom/reach-subsea-awarded-two-contracts-using-reach-remote-1/
https://reachsubsea.no/strategic-inspection-contract-awarded-with-reach-remote-fully-certified/,/newsroom/strategic-inspection-contract-awarded-with-reach-remote-fully-certified/
https://reachsubsea.no/reach-subsea-asa-4q-2025-results-down-milestones-on-reach-remote-delivered/,/newsroom/reach-subsea-asa-4q-2025-results-down-milestones-on-reach-remote-delivered/
https://reachsubsea.no/code-of-conduct-2025/,/newsroom/code-of-conduct-2025/
https://reachsubsea.no/reach-subsea-asa-3q-2025-weaker-results-solid-performance-on-remote-milestones/,/newsroom/reach-subsea-asa-3q-2025-weaker-results-solid-performance-on-remote-milestones/
https://reachsubsea.no/reach-subsea-fleet-update/,/newsroom/reach-subsea-fleet-update/
https://reachsubsea.no/reach-remote-1-cleared-for-operations-without-supporting-vessel/,/newsroom/reach-remote-1-cleared-for-operations-without-supporting-vessel/
https://reachsubsea.no/reach-subsea-asa-orders-reach-remote-3-and-4-from-kongsberg-maritime/,/newsroom/reach-subsea-asa-orders-reach-remote-3-and-4-from-kongsberg-maritime/
https://reachsubsea.no/reach-subsea-acquires-subvision-ab/,/newsroom/reach-subsea-acquires-subvision-ab/
https://reachsubsea.no/change-in-management/,/newsroom/change-in-management/
https://reachsubsea.no/reach-subseas-usv-reach-remote-2-sets-sail-for-australia/,/newsroom/reach-subseas-usv-reach-remote-2-sets-sail-for-australia/
https://reachsubsea.no/reach-subsea-asa-2q-2025-impacted-by-a-cautious-market/,/newsroom/reach-subsea-asa-2q-2025-impacted-by-a-cautious-market/
https://reachsubsea.no/invitation-to-presentation-of-the-second-quarter-and-half-year-results-2025/,/newsroom/invitation-to-presentation-of-the-second-quarter-and-half-year-results-2025/
https://reachsubsea.no/multiple-new-contracts-including-usv-services/,/newsroom/multiple-new-contracts-including-usv-services/
https://reachsubsea.no/reach-subsea-asa-fixed-income-credit-investor-meetings/,/newsroom/reach-subsea-asa-fixed-income-credit-investor-meetings/
https://reachsubsea.no/reach-subsea-confirms-delivery-of-reach-remote-2/,/newsroom/reach-subsea-confirms-delivery-of-reach-remote-2/
https://reachsubsea.no/reach-subsea-asa-annual-and-sustainability-report-2024/,/newsroom/reach-subsea-asa-annual-and-sustainability-report-2024/
https://reachsubsea.no/reach-subsea-asa-1q-2025-another-record-quarter/,/newsroom/reach-subsea-asa-1q-2025-another-record-quarter/
https://reachsubsea.no/invitation-to-presentation-of-the-first-quarter-results-2025/,/newsroom/invitation-to-presentation-of-the-first-quarter-results-2025/
https://reachsubsea.no/annual-and-sustainability-report-2024/,/newsroom/annual-and-sustainability-report-2024/
https://reachsubsea.no/reach-subsea-asa-exercise-of-warrants-by-primary-insider/,/newsroom/reach-subsea-asa-exercise-of-warrants-by-primary-insider/
https://reachsubsea.no/reach-subsea-asa-increasing-vessel-capacity-through-ownership-and-charter-agreement/,/newsroom/reach-subsea-asa-increasing-vessel-capacity-through-ownership-and-charter-agreement/
https://reachsubsea.no/reach-subsea-asa-q4-2024-another-record-year/,/newsroom/reach-subsea-asa-q4-2024-another-record-year/
https://reachsubsea.no/invitation-to-presentation-of-the-fourth-quarter-and-preliminary-full-year-results-2024/,/newsroom/invitation-to-presentation-of-the-fourth-quarter-and-preliminary-full-year-results-2024/
https://reachsubsea.no/reach-subsea-confirms-delivery-of-reach-remote-1/,/newsroom/reach-subsea-confirms-delivery-of-reach-remote-1/
https://reachsubsea.no/reach-subsea-global-continuing-to-welcome-new-clients/,/newsroom/reach-subsea-global-continuing-to-welcome-new-clients/
https://reachsubsea.no/reach-subsea-asa-q3-2024-continued-steady-progress/,/newsroom/reach-subsea-asa-q3-2024-continued-steady-progress/
https://reachsubsea.no/invitation-to-presentation-of-the-third-quarter-results-2024/,/newsroom/invitation-to-presentation-of-the-third-quarter-results-2024/
https://reachsubsea.no/reach-subsea-gains-totalenergies-as-new-collaboration-partner-for-the-reach-remote-usv-qualification-program/,/newsroom/reach-subsea-gains-totalenergies-as-new-collaboration-partner-for-the-reach-remote-usv-qualification-program/
https://reachsubsea.no/reach-subsea-has-been-granted-up-to-eur-14-3-million-from-the-eu-innovation-fund/,/newsroom/reach-subsea-has-been-granted-up-to-eur-14-3-million-from-the-eu-innovation-fund/
https://reachsubsea.no/reach-remote-1-named-ship-of-the-year-2024/,/newsroom/reach-remote-1-named-ship-of-the-year-2024/
https://reachsubsea.no/reach-subsea-asa-q2-2024-confirming-steady-progress/,/newsroom/reach-subsea-asa-q2-2024-confirming-steady-progress/
https://reachsubsea.no/invitation-to-presentation-of-the-second-quarter-and-half-year-results-2024/,/newsroom/invitation-to-presentation-of-the-second-quarter-and-half-year-results-2024/
https://reachsubsea.no/reach-subsea-collaborates-with-equinor-for-reach-remote-usv-qualification-program/,/newsroom/reach-subsea-collaborates-with-equinor-for-reach-remote-usv-qualification-program/
https://reachsubsea.no/reach-subsea-strengthens-order-backlog-with-new-contracts/,/newsroom/reach-subsea-strengthens-order-backlog-with-new-contracts/
https://reachsubsea.no/reach-subsea-extended-3-year-charter-on-havila-subsea/,/newsroom/reach-subsea-extended-3-year-charter-on-havila-subsea/
https://reachsubsea.no/reach-subsea-australia-awarded-first-survey-project-under-renewed-hipp-deed/,/newsroom/reach-subsea-australia-awarded-first-survey-project-under-renewed-hipp-deed/
https://reachsubsea.no/new-agreement-ensures-international-cooperation-in-the-operation-of-autonomous-ships/,/newsroom/new-agreement-ensures-international-cooperation-in-the-operation-of-autonomous-ships/
https://reachsubsea.no/reach-subsea-asa-q1-2024-starting-the-year-with-new-records/,/newsroom/reach-subsea-asa-q1-2024-starting-the-year-with-new-records/
https://reachsubsea.no/invitation-to-presentation-of-the-first-quarter-2024/,/newsroom/invitation-to-presentation-of-the-first-quarter-2024/
https://reachsubsea.no/reach-subsea-asa-annual-and-sustainability-report-2023/,/newsroom/reach-subsea-asa-annual-and-sustainability-report-2023/
https://reachsubsea.no/reach-subsea-invests-in-local-suppliers/,/newsroom/reach-subsea-invests-in-local-suppliers/
https://reachsubsea.no/reach-subsea-expands-fleet-charter-option-lifted-and-two-new-constructor-rovs-ordered/,/newsroom/reach-subsea-expands-fleet-charter-option-lifted-and-two-new-constructor-rovs-ordered/
https://reachsubsea.no/reach-subsea-asa-q4-2023-record-high-numbers-and-strong-outlook/,/newsroom/reach-subsea-asa-q4-2023-record-high-numbers-and-strong-outlook/
https://reachsubsea.no/reach-subsea-increasing-project-capacity-through-charter-arrangements/,/newsroom/reach-subsea-increasing-project-capacity-through-charter-arrangements/
https://reachsubsea.no/invitation-to-presentation-of-the-fourth-quarter-and-preliminary-full-year-2023-results/,/newsroom/invitation-to-presentation-of-the-fourth-quarter-and-preliminary-full-year-2023-results/
https://reachsubsea.no/code-of-conduct-2024/,/newsroom/code-of-conduct-2024/
https://reachsubsea.no/reach-subsea-expanding-orderbook-with-several-contract-awards/,/newsroom/reach-subsea-expanding-orderbook-with-several-contract-awards/
https://reachsubsea.no/reach-subsea-notice-of-contract-award-with-equinor-for-services-in-brazil-and-expansion-of-order-backlog/,/newsroom/reach-subsea-notice-of-contract-award-with-equinor-for-services-in-brazil-and-expansion-of-order-backlog/
https://reachsubsea.no/equinor-extending-multi-year-frame-agreement-using-gwatch/,/newsroom/equinor-extending-multi-year-frame-agreement-using-gwatch/
https://reachsubsea.no/reach-subsea-further-increased-capacity-through-long-term-contract-for-an-innovative-imr-survey-vessel/,/newsroom/reach-subsea-further-increased-capacity-through-long-term-contract-for-an-innovative-imr-survey-vessel/
https://reachsubsea.no/reach-subsea-asa-q3-2023-strong-growth-in-revenue-and-profitability-continued-positive-outlook/,/newsroom/reach-subsea-asa-q3-2023-strong-growth-in-revenue-and-profitability-continued-positive-outlook/
https://reachsubsea.no/invitation-to-presentation-of-the-third-quarter-2023-results/,/newsroom/invitation-to-presentation-of-the-third-quarter-2023-results/
https://reachsubsea.no/reach-subsea-has-now-signed-survey-contract-with-major-scottish-energy-firm-ssen-transmission/,/newsroom/reach-subsea-has-now-signed-survey-contract-with-major-scottish-energy-firm-ssen-transmission/
https://reachsubsea.no/reach-subsea-asa-obtaining-strong-australian-market-access-and-world-leading-survey-capabilities-by-acquiring-guardian-geomatics/,/newsroom/reach-subsea-asa-obtaining-strong-australian-market-access-and-world-leading-survey-capabilities-by-acquiring-guardian-geomatics/
https://reachsubsea.no/reach-subsea-asa-exercising-option-for-the-subsea-vessel-havila-subsea/,/newsroom/reach-subsea-asa-exercising-option-for-the-subsea-vessel-havila-subsea/
https://reachsubsea.no/a-new-potential-source-of-information-to-improve-our-understanding-of-earthquakes/,/newsroom/a-new-potential-source-of-information-to-improve-our-understanding-of-earthquakes/
https://reachsubsea.no/reach-subsea-asa-q2-2023-continued-strong-growth-in-revenue-profitability-and-order-book/,/newsroom/reach-subsea-asa-q2-2023-continued-strong-growth-in-revenue-profitability-and-order-book/
https://reachsubsea.no/invitation-to-presentation-of-the-second-quarter-2023-results/,/newsroom/invitation-to-presentation-of-the-second-quarter-2023-results/
https://reachsubsea.no/reach-subsea-notice-of-contract-award/,/newsroom/reach-subsea-notice-of-contract-award/
https://reachsubsea.no/subsea-vessel-olympic-triton-chartered-for-3-years-plus-2-years-options/,/newsroom/subsea-vessel-olympic-triton-chartered-for-3-years-plus-2-years-options/
https://reachsubsea.no/reach-subsea-asa-q1-2023-continued-strong-growth-and-record-high-order-book/,/newsroom/reach-subsea-asa-q1-2023-continued-strong-growth-and-record-high-order-book/
https://reachsubsea.no/invitation-to-presentation-of-the-first-quarter-results-for-2023/,/newsroom/invitation-to-presentation-of-the-first-quarter-results-for-2023/
https://reachsubsea.no/five-months-plus-options-offshore-wind-contract-with-tier-one-renewable-energy-company/,/newsroom/five-months-plus-options-offshore-wind-contract-with-tier-one-renewable-energy-company/
https://reachsubsea.no/sustainability-report-2022/,/newsroom/sustainability-report-2022/
https://reachsubsea.no/annual-report-and-sustainability-report-2022/,/newsroom/annual-report-and-sustainability-report-2022/
https://reachsubsea.no/sustainability-report/,/newsroom/sustainability-report/
https://reachsubsea.no/code-of-conduct/,/newsroom/code-of-conduct/
https://reachsubsea.no/reach-subsea-asa-strategic-three-year-frame-agreement-and-two-months-call-off-with-equinor/,/newsroom/reach-subsea-asa-strategic-three-year-frame-agreement-and-two-months-call-off-with-equinor/
https://reachsubsea.no/reach-subsea-asa-reach-subsea-partners-with-eidesvik-offshore-for-ownershipand-operation-of-edda-sun/,/newsroom/reach-subsea-asa-reach-subsea-partners-with-eidesvik-offshore-for-ownershipand-operation-of-edda-sun/
https://reachsubsea.no/reach-subsea-awarded-contract-with-major-renewables-energy-company-and-signs-contracts-for-new-vessel-to-serve-a-continued-strong-market/,/newsroom/reach-subsea-awarded-contract-with-major-renewables-energy-company-and-signs-contracts-for-new-vessel-to-serve-a-continued-strong-market/
https://reachsubsea.no/survey-division-onshore-and-offshore-positions/,/newsroom/survey-division-onshore-and-offshore-positions/
https://reachsubsea.no/reach-subsea-secures-cost-attractive-long-term-vessel-capacity-through-acquisition-of-edda-sun-and-charter-of-go-electra/,/newsroom/reach-subsea-secures-cost-attractive-long-term-vessel-capacity-through-acquisition-of-edda-sun-and-charter-of-go-electra/
https://reachsubsea.no/1431-2/,/newsroom/1431-2/
https://reachsubsea.no/octio-awarded-a-multi-year-4d-geophysical-monitoring-frame-contract-offshore-australia/,/newsroom/octio-awarded-a-multi-year-4d-geophysical-monitoring-frame-contract-offshore-australia/
https://reachsubsea.no/reach-subsea-asa-subsea-vessel-deep-cygnus-secured-for-41-years/,/newsroom/reach-subsea-asa-subsea-vessel-deep-cygnus-secured-for-41-years/
https://reachsubsea.no/contract-signed-with-kongsberg-maritime-to-build-the-first-two-game-changing-reach-remote-unmanned-offshore-vessels/,/newsroom/contract-signed-with-kongsberg-maritime-to-build-the-first-two-game-changing-reach-remote-unmanned-offshore-vessels/
https://reachsubsea.no/annual-report-and-sustainability-report/,/newsroom/annual-report-and-sustainability-report/
https://reachsubsea.no/ma-closing/,/newsroom/ma-closing/
https://reachsubsea.no/exciting-times-ahead/,/newsroom/exciting-times-ahead/
https://reachsubsea.no/financial-report-for-4q-2021-and-strategic-partner/,/newsroom/financial-report-for-4q-2021-and-strategic-partner/
https://reachsubsea.no/reach-subsea-octio-awarded-multi-year-geophysical-monitoring-contract-with-a-s-norske-shell/,/newsroom/reach-subsea-octio-awarded-multi-year-geophysical-monitoring-contract-with-a-s-norske-shell/
https://reachsubsea.no/reach-subsea-asa-acquisition-of-geophysical-monitoring-solutions-provider-octio/,/newsroom/reach-subsea-asa-acquisition-of-geophysical-monitoring-solutions-provider-octio/
https://reachsubsea.no/reach-second-quarter-and-first-half-2021-report/,/newsroom/reach-second-quarter-and-first-half-2021-report/
https://reachsubsea.no/reach-remote-project-update/,/newsroom/reach-remote-project-update/
https://reachsubsea.no/contract-awards-3/,/newsroom/contract-awards-3/
https://reachsubsea.no/cooperation-update/,/newsroom/cooperation-update/
https://reachsubsea.no/record-result-proposed-dividend-of-nok-015-per-share/,/newsroom/record-result-proposed-dividend-of-nok-015-per-share/
https://reachsubsea.no/good-start-to-the-year/,/newsroom/good-start-to-the-year/
https://reachsubsea.no/future-proofing-subsea/,/newsroom/future-proofing-subsea/
https://reachsubsea.no/environmental-initiatives/,/newsroom/environmental-initiatives/
https://reachsubsea.no/reach-subsea-secures-modern-fit-for-purpose-vessel-capacity/,/newsroom/reach-subsea-secures-modern-fit-for-purpose-vessel-capacity/
https://reachsubsea.no/contract-award-4/,/newsroom/contract-award-4/
https://reachsubsea.no/contract-update/,/newsroom/contract-update/
https://reachsubsea.no/contract-awards-2/,/newsroom/contract-awards-2/
https://reachsubsea.no/r-e-c-r-u-i-t-m-e-n-t-were-hiring/,/newsroom/r-e-c-r-u-i-t-m-e-n-t-were-hiring/
https://reachsubsea.no/contract-award-and-operational-figures/,/newsroom/contract-award-and-operational-figures/
https://reachsubsea.no/contract-award-3/,/newsroom/contract-award-3/
https://reachsubsea.no/new-vessel-capacity/,/newsroom/new-vessel-capacity/
https://reachsubsea.no/contracts/,/newsroom/contracts/
https://reachsubsea.no/contract-awards/,/newsroom/contract-awards/
https://reachsubsea.no/imr-contract-award/,/newsroom/imr-contract-award/
https://reachsubsea.no/subsea-vessel-olympic-challenger-secured-for-21-years/,/newsroom/subsea-vessel-olympic-challenger-secured-for-21-years/
https://reachsubsea.no/bp-contract-for-normand-reach/,/newsroom/bp-contract-for-normand-reach/
https://reachsubsea.no/statoil-frame-agreement-and-contract-award/,/newsroom/statoil-frame-agreement-and-contract-award/
https://reachsubsea.no/contract-award-2/,/newsroom/contract-award-2/
https://reachsubsea.no/surveyor-ii-is-well-underway/,/newsroom/surveyor-ii-is-well-underway/
https://reachsubsea.no/unique-antique-shipwrecks-detected-in-the-black-sea/,/newsroom/unique-antique-shipwrecks-detected-in-the-black-sea/
https://reachsubsea.no/contract-and-vessel-update/,/newsroom/contract-and-vessel-update/
https://reachsubsea.no/letter-of-intent/,/newsroom/letter-of-intent/
https://reachsubsea.no/nord-stream-awards-contract-for-external-inspection-of-the-pipeline/,/newsroom/nord-stream-awards-contract-for-external-inspection-of-the-pipeline/
https://reachsubsea.no/surveyor-rov-2/,/newsroom/surveyor-rov-2/
https://reachsubsea.no/updated-prospectus-2/,/newsroom/updated-prospectus-2/
https://reachsubsea.no/edda-fonn-contract/,/newsroom/edda-fonn-contract/
https://reachsubsea.no/extraordinary-general-meeting-2/,/newsroom/extraordinary-general-meeting-2/
https://reachsubsea.no/completed-private-placement-2/,/newsroom/completed-private-placement-2/
https://reachsubsea.no/black-sea-maritime-archaeological-project/,/newsroom/black-sea-maritime-archaeological-project/
https://reachsubsea.no/updated-prospectus/,/newsroom/updated-prospectus/
https://reachsubsea.no/cooperation-agreement-with-aibel/,/newsroom/cooperation-agreement-with-aibel/
https://reachsubsea.no/research-expedition-with-ntnu/,/newsroom/research-expedition-with-ntnu/
https://reachsubsea.no/taking-actions-to-remain-competitive/,/newsroom/taking-actions-to-remain-competitive/
https://reachsubsea.no/contract-extensions-with-eidesvik-offshore/,/newsroom/contract-extensions-with-eidesvik-offshore/
https://reachsubsea.no/contract-news-for-stril-explorer-and-edda-fonn/,/newsroom/contract-news-for-stril-explorer-and-edda-fonn/
https://reachsubsea.no/contract-for-viking-neptun/,/newsroom/contract-for-viking-neptun/
https://reachsubsea.no/contracts-for-edda-fonn/,/newsroom/contracts-for-edda-fonn/
https://reachsubsea.no/annual-report-2014/,/newsroom/annual-report-2014/
https://reachsubsea.no/contract-award/,/newsroom/contract-award/
https://reachsubsea.no/gassco-press-release/,/newsroom/gassco-press-release/
https://reachsubsea.no/presentation-4q2014/,/newsroom/presentation-4q2014/
https://reachsubsea.no/4q2014-results/,/newsroom/4q2014-results/
https://reachsubsea.no/successful-tests-of-surveyor-interceptor/,/newsroom/successful-tests-of-surveyor-interceptor/
https://reachsubsea.no/surveyor-interceptor-offshore-tests-ongoing/,/newsroom/surveyor-interceptor-offshore-tests-ongoing/
https://reachsubsea.no/exercise-of-options/,/newsroom/exercise-of-options/
https://reachsubsea.no/contract-award-with-technip/,/newsroom/contract-award-with-technip/
https://reachsubsea.no/letter-of-award-for-nok-60-70-million-contract/,/newsroom/letter-of-award-for-nok-60-70-million-contract/
https://reachsubsea.no/3-year-rov-contract-with-eidesvik-offshore/,/newsroom/3-year-rov-contract-with-eidesvik-offshore/
https://reachsubsea.no/new-contract-2/,/newsroom/new-contract-2/
https://reachsubsea.no/1q2014/,/newsroom/1q2014/
https://reachsubsea.no/organizational-changes/,/newsroom/organizational-changes/
https://reachsubsea.no/notice-of-annual-general-meeting/,/newsroom/notice-of-annual-general-meeting/
https://reachsubsea.no/new-contracts-2/,/newsroom/new-contracts-2/
https://reachsubsea.no/joint-venture-agreement-with-mmt/,/newsroom/joint-venture-agreement-with-mmt/
https://reachsubsea.no/new-contract-for-dina-star/,/newsroom/new-contract-for-dina-star/
https://reachsubsea.no/new-contract/,/newsroom/new-contract/
https://reachsubsea.no/4th-quarter-report-2013/,/newsroom/4th-quarter-report-2013/
https://reachsubsea.no/contract-awards-and-increased-fleet-for-reach-subsea/,/newsroom/contract-awards-and-increased-fleet-for-reach-subsea/
https://reachsubsea.no/normand-reach-has-arrived-at-aukra/,/newsroom/normand-reach-has-arrived-at-aukra/
https://reachsubsea.no/3rd-quarter-2013-report-and-presentation/,/newsroom/3rd-quarter-2013-report-and-presentation/
https://reachsubsea.no/normand-reach-contract-with-dof-subsea/,/newsroom/normand-reach-contract-with-dof-subsea/
https://reachsubsea.no/awarded-two-contracts/,/newsroom/awarded-two-contracts/
https://reachsubsea.no/stock-option-scheme/,/newsroom/stock-option-scheme/
https://reachsubsea.no/2nd-quarter-2013-report/,/newsroom/2nd-quarter-2013-report/
https://reachsubsea.no/contract-award-calecore/,/newsroom/contract-award-calecore/
https://reachsubsea.no/new-contracts/,/newsroom/new-contracts/
https://reachsubsea.no/extraordinary-general-meeting/,/newsroom/extraordinary-general-meeting/
https://reachsubsea.no/completed-private-placement/,/newsroom/completed-private-placement/
https://reachsubsea.no/joint-venture-with-mmt/,/newsroom/joint-venture-with-mmt/
https://reachsubsea.no/loi-award-from-cosl/,/newsroom/loi-award-from-cosl/
https://reachsubsea.no/1st-quarter-2014-report/,/newsroom/1st-quarter-2014-report/
https://reachsubsea.no/general-meeting/,/newsroom/general-meeting/
https://reachsubsea.no/annual-report-2012/,/newsroom/annual-report-2012/
https://reachsubsea.no/4th-quarter-2012-report/,/newsroom/4th-quarter-2012-report/
https://reachsubsea.no/reach-subsea-asa-conclude-long-term-charter-with-solstad-offshore-asa/,/newsroom/reach-subsea-asa-conclude-long-term-charter-with-solstad-offshore-asa/
https://reachsubsea.no/private-placement-and-stock-listing-for-reach-subsea/,/newsroom/private-placement-and-stock-listing-for-reach-subsea/
https://reachsubsea.no/workclass-rov-order/,/newsroom/workclass-rov-order/
https://reachsubsea.no/ons-2012/,/newsroom/ons-2012/
https://reachsubsea.no/new-office/,/newsroom/new-office/
https://reachsubsea.no/were-hiring-3/,/newsroom/were-hiring-3/
https://reachsubsea.no/were-hiring-2/,/newsroom/were-hiring-2/
https://reachsubsea.no/were-hiring/,/newsroom/were-hiring/
https://reachsubsea.no/business-development-manager/,/newsroom/business-development-manager/
https://reachsubsea.no/surveyor-rov-sets-new-records/,/newsroom/surveyor-rov-sets-new-records/
https://reachsubsea.no/surveyor-interceptor-fat-and-wet-tests/,/newsroom/surveyor-interceptor-fat-and-wet-tests/
https://reachsubsea.no/first-photos-of-the-surveyor-interceptor/,/newsroom/first-photos-of-the-surveyor-interceptor/
https://reachsubsea.no/establishment-of-reach-subsea-as/,/newsroom/establishment-of-reach-subsea-as/
https://reachsubsea.no/teamday/,/newsroom/teamday/
https://reachsubsea.no/testing-of-supporter-20-21/,/newsroom/testing-of-supporter-20-21/
https://reachsubsea.no/nb-825-tbn-normand-reach/,/newsroom/nb-825-tbn-normand-reach/
https://reachsubsea.no/news/,/newsroom/
https://reachsubsea.no/category/news/,/newsroom/category/news/
https://reachsubsea.no/category/reports/,/newsroom/category/reports/
